clause,clause,distance
i_0_6053,i_0_9455,inf
i_0_6053,i_0_3375,inf
i_0_6053,i_0_167,inf
i_0_6053,i_0_9462,inf
i_0_6053,i_0_7128,inf
i_0_6053,i_0_9010,inf
i_0_6053,i_0_5431,inf
i_0_6053,i_0_3978,inf
i_0_6053,i_0_8787,inf
i_0_6053,i_0_4249,inf
i_0_6053,i_0_8147,inf
i_0_6053,i_0_2469,inf
i_0_6053,i_0_1199,inf
i_0_6053,i_0_1051,inf
i_0_6053,i_0_1579,inf
i_0_6053,i_0_5307,inf
i_0_6053,i_0_1533,inf
i_0_6053,i_0_1780,inf
i_0_6053,i_0_8940,inf
i_0_6053,i_0_4716,inf
i_0_6053,i_0_8419,inf
i_0_6053,i_0_4542,inf
i_0_6053,i_0_6513,8.0
i_0_6053,i_0_3493,inf
i_0_6053,i_0_6858,inf
i_0_6053,i_0_9288,inf
i_0_6053,i_0_8032,inf
i_0_6053,i_0_5692,inf
i_0_6053,i_0_6242,24.0
i_0_6053,i_0_6399,22.0
i_0_6053,i_0_9204,inf
i_0_6053,i_0_7882,inf
i_0_6053,i_0_938,inf
i_0_6053,i_0_9193,inf
i_0_6053,i_0_3688,inf
i_0_6053,i_0_3309,inf
i_0_6053,i_0_2294,inf
i_0_6053,i_0_5461,inf
i_0_6053,i_0_3677,inf
i_0_6053,i_0_8384,inf
i_0_6053,i_0_9870,inf
i_0_6053,i_0_8173,inf
i_0_6053,i_0_4959,inf
i_0_6053,i_0_4982,inf
i_0_6053,i_0_4294,inf
i_0_6053,i_0_7885,inf
i_0_9455,i_0_3375,inf
i_0_9455,i_0_167,inf
i_0_9455,i_0_9462,0.0
i_0_9455,i_0_7128,inf
i_0_9455,i_0_9010,inf
i_0_9455,i_0_5431,inf
i_0_9455,i_0_3978,inf
i_0_9455,i_0_8787,inf
i_0_9455,i_0_4249,inf
i_0_9455,i_0_8147,inf
i_0_9455,i_0_2469,inf
i_0_9455,i_0_1199,inf
i_0_9455,i_0_1051,inf
i_0_9455,i_0_1579,inf
i_0_9455,i_0_5307,inf
i_0_9455,i_0_1533,inf
i_0_9455,i_0_1780,inf
i_0_9455,i_0_8940,inf
i_0_9455,i_0_4716,inf
i_0_9455,i_0_8419,inf
i_0_9455,i_0_4542,inf
i_0_9455,i_0_6513,inf
i_0_9455,i_0_3493,inf
i_0_9455,i_0_6858,inf
i_0_9455,i_0_9288,inf
i_0_9455,i_0_8032,inf
i_0_9455,i_0_5692,inf
i_0_9455,i_0_6242,inf
i_0_9455,i_0_6399,inf
i_0_9455,i_0_9204,inf
i_0_9455,i_0_7882,inf
i_0_9455,i_0_938,inf
i_0_9455,i_0_9193,inf
i_0_9455,i_0_3688,inf
i_0_9455,i_0_3309,inf
i_0_9455,i_0_2294,inf
i_0_9455,i_0_5461,inf
i_0_9455,i_0_3677,inf
i_0_9455,i_0_8384,inf
i_0_9455,i_0_9870,inf
i_0_9455,i_0_8173,inf
i_0_9455,i_0_4959,inf
i_0_9455,i_0_4982,inf
i_0_9455,i_0_4294,inf
i_0_9455,i_0_7885,inf
i_0_3375,i_0_167,inf
i_0_3375,i_0_9462,inf
i_0_3375,i_0_7128,inf
i_0_3375,i_0_9010,inf
i_0_3375,i_0_5431,inf
i_0_3375,i_0_3978,inf
i_0_3375,i_0_8787,inf
i_0_3375,i_0_4249,inf
i_0_3375,i_0_8147,inf
i_0_3375,i_0_2469,inf
i_0_3375,i_0_1199,inf
i_0_3375,i_0_1051,inf
i_0_3375,i_0_1579,inf
i_0_3375,i_0_5307,inf
i_0_3375,i_0_1533,inf
i_0_3375,i_0_1780,inf
i_0_3375,i_0_8940,24.0
i_0_3375,i_0_4716,24.0
i_0_3375,i_0_8419,inf
i_0_3375,i_0_4542,24.0
i_0_3375,i_0_6513,inf
i_0_3375,i_0_3493,18.459169429226332
i_0_3375,i_0_6858,72.0
i_0_3375,i_0_9288,14.666666666666666
i_0_3375,i_0_8032,24.5
i_0_3375,i_0_5692,36.0
i_0_3375,i_0_6242,36.0
i_0_3375,i_0_6399,26.88888888888889
i_0_3375,i_0_9204,35.0
i_0_3375,i_0_7882,19.25
i_0_3375,i_0_938,inf
i_0_3375,i_0_9193,17.5
i_0_3375,i_0_3688,27.688754143839496
i_0_3375,i_0_3309,17.77029535648352
i_0_3375,i_0_2294,7.710582025728589
i_0_3375,i_0_5461,24.5
i_0_3375,i_0_3677,29.996150322492788
i_0_3375,i_0_8384,inf
i_0_3375,i_0_9870,76.2014901825285
i_0_3375,i_0_8173,57.7312039550066
i_0_3375,i_0_4959,inf
i_0_3375,i_0_4982,inf
i_0_3375,i_0_4294,40.5
i_0_3375,i_0_7885,18.72
i_0_167,i_0_9462,inf
i_0_167,i_0_7128,inf
i_0_167,i_0_9010,inf
i_0_167,i_0_5431,inf
i_0_167,i_0_3978,204.1064677137627
i_0_167,i_0_8787,inf
i_0_167,i_0_4249,inf
i_0_167,i_0_8147,inf
i_0_167,i_0_2469,inf
i_0_167,i_0_1199,204.0
i_0_167,i_0_1051,256.0
i_0_167,i_0_1579,75.44736352143781
i_0_167,i_0_5307,inf
i_0_167,i_0_1533,75.4502825984312
i_0_167,i_0_1780,167.5
i_0_167,i_0_8940,272.0
i_0_167,i_0_4716,280.0
i_0_167,i_0_8419,inf
i_0_167,i_0_4542,396.0
i_0_167,i_0_6513,inf
i_0_167,i_0_3493,256.0
i_0_167,i_0_6858,612.3194031412881
i_0_167,i_0_9288,inf
i_0_167,i_0_8032,462.0
i_0_167,i_0_5692,384.0
i_0_167,i_0_6242,inf
i_0_167,i_0_6399,inf
i_0_167,i_0_9204,inf
i_0_167,i_0_7882,inf
i_0_167,i_0_938,192.0
i_0_167,i_0_9193,inf
i_0_167,i_0_3688,384.0
i_0_167,i_0_3309,inf
i_0_167,i_0_2294,inf
i_0_167,i_0_5461,504.0
i_0_167,i_0_3677,141.56097669854324
i_0_167,i_0_8384,inf
i_0_167,i_0_9870,inf
i_0_167,i_0_8173,1408.0
i_0_167,i_0_4959,inf
i_0_167,i_0_4982,inf
i_0_167,i_0_4294,inf
i_0_167,i_0_7885,inf
i_0_9462,i_0_7128,inf
i_0_9462,i_0_9010,inf
i_0_9462,i_0_5431,16.0
i_0_9462,i_0_3978,inf
i_0_9462,i_0_8787,inf
i_0_9462,i_0_4249,inf
i_0_9462,i_0_8147,inf
i_0_9462,i_0_2469,inf
i_0_9462,i_0_1199,inf
i_0_9462,i_0_1051,inf
i_0_9462,i_0_1579,inf
i_0_9462,i_0_5307,inf
i_0_9462,i_0_1533,inf
i_0_9462,i_0_1780,inf
i_0_9462,i_0_8940,inf
i_0_9462,i_0_4716,inf
i_0_9462,i_0_8419,inf
i_0_9462,i_0_4542,inf
i_0_9462,i_0_6513,inf
i_0_9462,i_0_3493,inf
i_0_9462,i_0_6858,inf
i_0_9462,i_0_9288,inf
i_0_9462,i_0_8032,inf
i_0_9462,i_0_5692,inf
i_0_9462,i_0_6242,0.0
i_0_9462,i_0_6399,0.0
i_0_9462,i_0_9204,inf
i_0_9462,i_0_7882,inf
i_0_9462,i_0_938,inf
i_0_9462,i_0_9193,inf
i_0_9462,i_0_3688,inf
i_0_9462,i_0_3309,inf
i_0_9462,i_0_2294,inf
i_0_9462,i_0_5461,inf
i_0_9462,i_0_3677,inf
i_0_9462,i_0_8384,inf
i_0_9462,i_0_9870,inf
i_0_9462,i_0_8173,inf
i_0_9462,i_0_4959,inf
i_0_9462,i_0_4982,inf
i_0_9462,i_0_4294,inf
i_0_9462,i_0_7885,inf
i_0_7128,i_0_9010,16.0
i_0_7128,i_0_5431,16.0
i_0_7128,i_0_3978,inf
i_0_7128,i_0_8787,20.0
i_0_7128,i_0_4249,0.0
i_0_7128,i_0_8147,6.0
i_0_7128,i_0_2469,inf
i_0_7128,i_0_1199,inf
i_0_7128,i_0_1051,inf
i_0_7128,i_0_1579,inf
i_0_7128,i_0_5307,inf
i_0_7128,i_0_1533,inf
i_0_7128,i_0_1780,inf
i_0_7128,i_0_8940,inf
i_0_7128,i_0_4716,inf
i_0_7128,i_0_8419,12.0
i_0_7128,i_0_4542,24.0
i_0_7128,i_0_6513,16.0
i_0_7128,i_0_3493,inf
i_0_7128,i_0_6858,0.0
i_0_7128,i_0_9288,inf
i_0_7128,i_0_8032,0.0
i_0_7128,i_0_5692,48.0
i_0_7128,i_0_6242,48.0
i_0_7128,i_0_6399,44.0
i_0_7128,i_0_9204,20.0
i_0_7128,i_0_7882,11.0
i_0_7128,i_0_938,inf
i_0_7128,i_0_9193,40.0
i_0_7128,i_0_3688,inf
i_0_7128,i_0_3309,inf
i_0_7128,i_0_2294,inf
i_0_7128,i_0_5461,inf
i_0_7128,i_0_3677,inf
i_0_7128,i_0_8384,13.333333333333334
i_0_7128,i_0_9870,inf
i_0_7128,i_0_8173,22.0
i_0_7128,i_0_4959,inf
i_0_7128,i_0_4982,inf
i_0_7128,i_0_4294,9.0
i_0_7128,i_0_7885,13.0
i_0_9010,i_0_5431,0.0
i_0_9010,i_0_3978,0.0
i_0_9010,i_0_8787,0.0
i_0_9010,i_0_4249,inf
i_0_9010,i_0_8147,0.0
i_0_9010,i_0_2469,inf
i_0_9010,i_0_1199,inf
i_0_9010,i_0_1051,inf
i_0_9010,i_0_1579,inf
i_0_9010,i_0_5307,inf
i_0_9010,i_0_1533,inf
i_0_9010,i_0_1780,inf
i_0_9010,i_0_8940,0.0
i_0_9010,i_0_4716,0.0
i_0_9010,i_0_8419,0.0
i_0_9010,i_0_4542,0.0
i_0_9010,i_0_6513,0.0
i_0_9010,i_0_3493,inf
i_0_9010,i_0_6858,inf
i_0_9010,i_0_9288,0.0
i_0_9010,i_0_8032,inf
i_0_9010,i_0_5692,0.0
i_0_9010,i_0_6242,0.0
i_0_9010,i_0_6399,0.0
i_0_9010,i_0_9204,0.0
i_0_9010,i_0_7882,0.0
i_0_9010,i_0_938,inf
i_0_9010,i_0_9193,0.0
i_0_9010,i_0_3688,inf
i_0_9010,i_0_3309,inf
i_0_9010,i_0_2294,inf
i_0_9010,i_0_5461,0.0
i_0_9010,i_0_3677,inf
i_0_9010,i_0_8384,0.0
i_0_9010,i_0_9870,inf
i_0_9010,i_0_8173,0.0
i_0_9010,i_0_4959,inf
i_0_9010,i_0_4982,inf
i_0_9010,i_0_4294,0.0
i_0_9010,i_0_7885,0.0
i_0_5431,i_0_3978,0.0
i_0_5431,i_0_8787,0.0
i_0_5431,i_0_4249,inf
i_0_5431,i_0_8147,0.0
i_0_5431,i_0_2469,inf
i_0_5431,i_0_1199,inf
i_0_5431,i_0_1051,inf
i_0_5431,i_0_1579,inf
i_0_5431,i_0_5307,inf
i_0_5431,i_0_1533,inf
i_0_5431,i_0_1780,inf
i_0_5431,i_0_8940,0.0
i_0_5431,i_0_4716,0.0
i_0_5431,i_0_8419,0.0
i_0_5431,i_0_4542,0.0
i_0_5431,i_0_6513,0.0
i_0_5431,i_0_3493,inf
i_0_5431,i_0_6858,inf
i_0_5431,i_0_9288,0.0
i_0_5431,i_0_8032,inf
i_0_5431,i_0_5692,0.0
i_0_5431,i_0_6242,21.333333333333332
i_0_5431,i_0_6399,22.0
i_0_5431,i_0_9204,0.0
i_0_5431,i_0_7882,0.0
i_0_5431,i_0_938,inf
i_0_5431,i_0_9193,0.0
i_0_5431,i_0_3688,inf
i_0_5431,i_0_3309,inf
i_0_5431,i_0_2294,inf
i_0_5431,i_0_5461,0.0
i_0_5431,i_0_3677,inf
i_0_5431,i_0_8384,0.0
i_0_5431,i_0_9870,inf
i_0_5431,i_0_8173,0.0
i_0_5431,i_0_4959,inf
i_0_5431,i_0_4982,inf
i_0_5431,i_0_4294,0.0
i_0_5431,i_0_7885,0.0
i_0_3978,i_0_8787,0.0
i_0_3978,i_0_4249,inf
i_0_3978,i_0_8147,inf
i_0_3978,i_0_2469,inf
i_0_3978,i_0_1199,109.79549837449292
i_0_3978,i_0_1051,99.55502298441826
i_0_3978,i_0_1579,31.60858515892818
i_0_3978,i_0_5307,inf
i_0_3978,i_0_1533,31.882566677409883
i_0_3978,i_0_1780,84.25359120165258
i_0_3978,i_0_8940,36.598499458164305
i_0_3978,i_0_4716,42.514117215217496
i_0_3978,i_0_8419,0.0
i_0_3978,i_0_4542,184.29380307870665
i_0_3978,i_0_6513,inf
i_0_3978,i_0_3493,99.55502298441826
i_0_3978,i_0_6858,345.0418129428924
i_0_3978,i_0_9288,0.0
i_0_3978,i_0_8032,215.00943692515776
i_0_3978,i_0_5692,66.3700153229455
i_0_3978,i_0_6242,inf
i_0_3978,i_0_6399,inf
i_0_3978,i_0_9204,0.0
i_0_3978,i_0_7882,inf
i_0_3978,i_0_938,74.6662672383137
i_0_3978,i_0_9193,0.0
i_0_3978,i_0_3688,149.3325344766274
i_0_3978,i_0_3309,inf
i_0_3978,i_0_2294,inf
i_0_3978,i_0_5461,84.78836077510633
i_0_3978,i_0_3677,62.891497395307155
i_0_3978,i_0_8384,0.0
i_0_3978,i_0_9870,inf
i_0_3978,i_0_8173,60.83918071270005
i_0_3978,i_0_4959,inf
i_0_3978,i_0_4982,inf
i_0_3978,i_0_4294,inf
i_0_3978,i_0_7885,inf
i_0_8787,i_0_4249,inf
i_0_8787,i_0_8147,0.0
i_0_8787,i_0_2469,inf
i_0_8787,i_0_1199,inf
i_0_8787,i_0_1051,inf
i_0_8787,i_0_1579,inf
i_0_8787,i_0_5307,inf
i_0_8787,i_0_1533,inf
i_0_8787,i_0_1780,inf
i_0_8787,i_0_8940,0.0
i_0_8787,i_0_4716,0.0
i_0_8787,i_0_8419,0.0
i_0_8787,i_0_4542,0.0
i_0_8787,i_0_6513,0.0
i_0_8787,i_0_3493,inf
i_0_8787,i_0_6858,inf
i_0_8787,i_0_9288,0.0
i_0_8787,i_0_8032,inf
i_0_8787,i_0_5692,0.0
i_0_8787,i_0_6242,0.0
i_0_8787,i_0_6399,0.0
i_0_8787,i_0_9204,0.0
i_0_8787,i_0_7882,0.0
i_0_8787,i_0_938,inf
i_0_8787,i_0_9193,0.0
i_0_8787,i_0_3688,inf
i_0_8787,i_0_3309,inf
i_0_8787,i_0_2294,inf
i_0_8787,i_0_5461,0.0
i_0_8787,i_0_3677,inf
i_0_8787,i_0_8384,0.0
i_0_8787,i_0_9870,inf
i_0_8787,i_0_8173,0.0
i_0_8787,i_0_4959,inf
i_0_8787,i_0_4982,inf
i_0_8787,i_0_4294,0.0
i_0_8787,i_0_7885,0.0
i_0_4249,i_0_8147,0.0
i_0_4249,i_0_2469,inf
i_0_4249,i_0_1199,inf
i_0_4249,i_0_1051,inf
i_0_4249,i_0_1579,inf
i_0_4249,i_0_5307,inf
i_0_4249,i_0_1533,inf
i_0_4249,i_0_1780,inf
i_0_4249,i_0_8940,inf
i_0_4249,i_0_4716,inf
i_0_4249,i_0_8419,inf
i_0_4249,i_0_4542,inf
i_0_4249,i_0_6513,inf
i_0_4249,i_0_3493,inf
i_0_4249,i_0_6858,0.0
i_0_4249,i_0_9288,inf
i_0_4249,i_0_8032,0.0
i_0_4249,i_0_5692,inf
i_0_4249,i_0_6242,inf
i_0_4249,i_0_6399,inf
i_0_4249,i_0_9204,inf
i_0_4249,i_0_7882,0.0
i_0_4249,i_0_938,inf
i_0_4249,i_0_9193,inf
i_0_4249,i_0_3688,inf
i_0_4249,i_0_3309,inf
i_0_4249,i_0_2294,inf
i_0_4249,i_0_5461,inf
i_0_4249,i_0_3677,inf
i_0_4249,i_0_8384,inf
i_0_4249,i_0_9870,inf
i_0_4249,i_0_8173,inf
i_0_4249,i_0_4959,inf
i_0_4249,i_0_4982,inf
i_0_4249,i_0_4294,0.0
i_0_4249,i_0_7885,0.0
i_0_8147,i_0_2469,inf
i_0_8147,i_0_1199,inf
i_0_8147,i_0_1051,inf
i_0_8147,i_0_1579,inf
i_0_8147,i_0_5307,inf
i_0_8147,i_0_1533,inf
i_0_8147,i_0_1780,inf
i_0_8147,i_0_8940,inf
i_0_8147,i_0_4716,inf
i_0_8147,i_0_8419,0.0
i_0_8147,i_0_4542,0.0
i_0_8147,i_0_6513,0.0
i_0_8147,i_0_3493,inf
i_0_8147,i_0_6858,0.0
i_0_8147,i_0_9288,inf
i_0_8147,i_0_8032,0.0
i_0_8147,i_0_5692,0.0
i_0_8147,i_0_6242,0.0
i_0_8147,i_0_6399,0.0
i_0_8147,i_0_9204,0.0
i_0_8147,i_0_7882,0.0
i_0_8147,i_0_938,inf
i_0_8147,i_0_9193,0.0
i_0_8147,i_0_3688,inf
i_0_8147,i_0_3309,inf
i_0_8147,i_0_2294,inf
i_0_8147,i_0_5461,inf
i_0_8147,i_0_3677,inf
i_0_8147,i_0_8384,0.0
i_0_8147,i_0_9870,inf
i_0_8147,i_0_8173,0.0
i_0_8147,i_0_4959,inf
i_0_8147,i_0_4982,inf
i_0_8147,i_0_4294,0.0
i_0_8147,i_0_7885,0.0
i_0_2469,i_0_1199,inf
i_0_2469,i_0_1051,6.333446740013523
i_0_2469,i_0_1579,15.517170755714123
i_0_2469,i_0_5307,inf
i_0_2469,i_0_1533,15.517170755714123
i_0_2469,i_0_1780,inf
i_0_2469,i_0_8940,inf
i_0_2469,i_0_4716,inf
i_0_2469,i_0_8419,inf
i_0_2469,i_0_4542,inf
i_0_2469,i_0_6513,inf
i_0_2469,i_0_3493,inf
i_0_2469,i_0_6858,inf
i_0_2469,i_0_9288,13.300432076326391
i_0_2469,i_0_8032,31.85129793580879
i_0_2469,i_0_5692,inf
i_0_2469,i_0_6242,inf
i_0_2469,i_0_6399,17.416978535037188
i_0_2469,i_0_9204,45.50185419401256
i_0_2469,i_0_7882,18.609041271669714
i_0_2469,i_0_938,5.07519307409174
i_0_2469,i_0_9193,21.501474004279473
i_0_2469,i_0_3688,inf
i_0_2469,i_0_3309,inf
i_0_2469,i_0_2294,inf
i_0_2469,i_0_5461,11.842117172880727
i_0_2469,i_0_3677,inf
i_0_2469,i_0_8384,inf
i_0_2469,i_0_9870,inf
i_0_2469,i_0_8173,inf
i_0_2469,i_0_4959,inf
i_0_2469,i_0_4982,inf
i_0_2469,i_0_4294,inf
i_0_2469,i_0_7885,14.408801416020257
i_0_1199,i_0_1051,24.0
i_0_1199,i_0_1579,30.402881158577756
i_0_1199,i_0_5307,inf
i_0_1199,i_0_1533,30.472428983822187
i_0_1199,i_0_1780,22.5
i_0_1199,i_0_8940,144.0
i_0_1199,i_0_4716,168.0
i_0_1199,i_0_8419,inf
i_0_1199,i_0_4542,180.0
i_0_1199,i_0_6513,inf
i_0_1199,i_0_3493,96.0
i_0_1199,i_0_6858,329.38649512347877
i_0_1199,i_0_9288,inf
i_0_1199,i_0_8032,210.0
i_0_1199,i_0_5692,41.47532405724479
i_0_1199,i_0_6242,inf
i_0_1199,i_0_6399,inf
i_0_1199,i_0_9204,inf
i_0_1199,i_0_7882,inf
i_0_1199,i_0_938,72.0
i_0_1199,i_0_9193,inf
i_0_1199,i_0_3688,36.0
i_0_1199,i_0_3309,inf
i_0_1199,i_0_2294,inf
i_0_1199,i_0_5461,336.0
i_0_1199,i_0_3677,60.79582691354918
i_0_1199,i_0_8384,inf
i_0_1199,i_0_9870,inf
i_0_1199,i_0_8173,528.0
i_0_1199,i_0_4959,inf
i_0_1199,i_0_4982,inf
i_0_1199,i_0_4294,inf
i_0_1199,i_0_7885,inf
i_0_1051,i_0_1579,13.227119553047567
i_0_1051,i_0_5307,inf
i_0_1051,i_0_1533,13.329239106095136
i_0_1051,i_0_1780,31.11111111111111
i_0_1051,i_0_8940,128.0
i_0_1051,i_0_4716,160.0
i_0_1051,i_0_8419,inf
i_0_1051,i_0_4542,144.0
i_0_1051,i_0_6513,inf
i_0_1051,i_0_3493,64.0
i_0_1051,i_0_6858,298.6650689532548
i_0_1051,i_0_9288,12.0
i_0_1051,i_0_8032,39.408113048973036
i_0_1051,i_0_5692,96.0
i_0_1051,i_0_6242,inf
i_0_1051,i_0_6399,22.0
i_0_1051,i_0_9204,66.66893480027048
i_0_1051,i_0_7882,23.83395707007438
i_0_1051,i_0_938,6.080108870412983
i_0_1051,i_0_9193,30.978712447277104
i_0_1051,i_0_3688,96.0
i_0_1051,i_0_3309,inf
i_0_1051,i_0_2294,inf
i_0_1051,i_0_5461,23.146920697630293
i_0_1051,i_0_3677,46.55937884180784
i_0_1051,i_0_8384,inf
i_0_1051,i_0_9870,inf
i_0_1051,i_0_8173,352.0
i_0_1051,i_0_4959,inf
i_0_1051,i_0_4982,inf
i_0_1051,i_0_4294,inf
i_0_1051,i_0_7885,13.0
i_0_1579,i_0_5307,inf
i_0_1579,i_0_1533,5.732761925963573
i_0_1579,i_0_1780,22.44108840494223
i_0_1579,i_0_8940,40.537174878103684
i_0_1579,i_0_4716,43.629937023730584
i_0_1579,i_0_8419,inf
i_0_1579,i_0_4542,46.851080333935805
i_0_1579,i_0_6513,inf
i_0_1579,i_0_3493,15.73710142764012
i_0_1579,i_0_6858,94.82575547678454
i_0_1579,i_0_9288,0.0
i_0_1579,i_0_8032,42.59154621643472
i_0_1579,i_0_5692,28.272318808126848
i_0_1579,i_0_6242,inf
i_0_1579,i_0_6399,38.5
i_0_1579,i_0_9204,170.34341511428244
i_0_1579,i_0_7882,46.84443915642767
i_0_1579,i_0_938,10.062574423133874
i_0_1579,i_0_9193,74.08478212190272
i_0_1579,i_0_3688,23.60565214146018
i_0_1579,i_0_3309,inf
i_0_1579,i_0_2294,inf
i_0_1579,i_0_5461,53.986735710739396
i_0_1579,i_0_3677,13.728286119200003
i_0_1579,i_0_8384,inf
i_0_1579,i_0_9870,inf
i_0_1579,i_0_8173,120.77628007424288
i_0_1579,i_0_4959,inf
i_0_1579,i_0_4982,inf
i_0_1579,i_0_4294,inf
i_0_1579,i_0_7885,0.0
i_0_5307,i_0_1533,inf
i_0_5307,i_0_1780,inf
i_0_5307,i_0_8940,inf
i_0_5307,i_0_4716,inf
i_0_5307,i_0_8419,inf
i_0_5307,i_0_4542,inf
i_0_5307,i_0_6513,inf
i_0_5307,i_0_3493,inf
i_0_5307,i_0_6858,inf
i_0_5307,i_0_9288,inf
i_0_5307,i_0_8032,inf
i_0_5307,i_0_5692,inf
i_0_5307,i_0_6242,inf
i_0_5307,i_0_6399,inf
i_0_5307,i_0_9204,inf
i_0_5307,i_0_7882,inf
i_0_5307,i_0_938,inf
i_0_5307,i_0_9193,inf
i_0_5307,i_0_3688,inf
i_0_5307,i_0_3309,inf
i_0_5307,i_0_2294,inf
i_0_5307,i_0_5461,inf
i_0_5307,i_0_3677,inf
i_0_5307,i_0_8384,inf
i_0_5307,i_0_9870,inf
i_0_5307,i_0_8173,inf
i_0_5307,i_0_4959,inf
i_0_5307,i_0_4982,inf
i_0_5307,i_0_4294,inf
i_0_5307,i_0_7885,inf
i_0_1533,i_0_1780,22.521065698773352
i_0_1533,i_0_8940,40.62990531176292
i_0_1533,i_0_4716,43.70431849190561
i_0_1533,i_0_8419,inf
i_0_1533,i_0_4542,47.03549400120494
i_0_1533,i_0_6513,inf
i_0_1533,i_0_3493,15.918647299724686
i_0_1533,i_0_6858,95.64770003222965
i_0_1533,i_0_9288,0.0
i_0_1533,i_0_8032,42.74961507409398
i_0_1533,i_0_5692,28.544637616253695
i_0_1533,i_0_6242,inf
i_0_1533,i_0_6399,38.5
i_0_1533,i_0_9204,170.34341511428244
i_0_1533,i_0_7882,46.84443915642767
i_0_1533,i_0_938,10.13916408791955
i_0_1533,i_0_9193,74.08478212190272
i_0_1533,i_0_3688,23.877970949587027
i_0_1533,i_0_3309,inf
i_0_1533,i_0_2294,inf
i_0_1533,i_0_5461,54.047840318666324
i_0_1533,i_0_3677,13.838682365219434
i_0_1533,i_0_8384,inf
i_0_1533,i_0_9870,inf
i_0_1533,i_0_8173,121.77478237070798
i_0_1533,i_0_4959,inf
i_0_1533,i_0_4982,inf
i_0_1533,i_0_4294,inf
i_0_1533,i_0_7885,0.0
i_0_1780,i_0_8940,110.0
i_0_1780,i_0_4716,130.0
i_0_1780,i_0_8419,inf
i_0_1780,i_0_4542,135.0
i_0_1780,i_0_6513,inf
i_0_1780,i_0_3493,20.0
i_0_1780,i_0_6858,122.33812160220344
i_0_1780,i_0_9288,inf
i_0_1780,i_0_8032,157.5
i_0_1780,i_0_5692,57.055693535419294
i_0_1780,i_0_6242,inf
i_0_1780,i_0_6399,inf
i_0_1780,i_0_9204,inf
i_0_1780,i_0_7882,inf
i_0_1780,i_0_938,52.5
i_0_1780,i_0_9193,inf
i_0_1780,i_0_3688,21.6
i_0_1780,i_0_3309,0.0
i_0_1780,i_0_2294,inf
i_0_1780,i_0_5461,262.5
i_0_1780,i_0_3677,33.272388844061126
i_0_1780,i_0_8384,400.0
i_0_1780,i_0_9870,45.0
i_0_1780,i_0_8173,61.6
i_0_1780,i_0_4959,inf
i_0_1780,i_0_4982,inf
i_0_1780,i_0_4294,inf
i_0_1780,i_0_7885,inf
i_0_8940,i_0_4716,24.88888888888889
i_0_8940,i_0_8419,0.0
i_0_8940,i_0_4542,58.666666666666664
i_0_8940,i_0_6513,inf
i_0_8940,i_0_3493,48.0
i_0_8940,i_0_6858,163.79549837449292
i_0_8940,i_0_9288,12.650216038163194
i_0_8940,i_0_8032,49.77777777777778
i_0_8940,i_0_5692,30.72
i_0_8940,i_0_6242,0.0
i_0_8940,i_0_6399,58.666666666666664
i_0_8940,i_0_9204,26.666666666666668
i_0_8940,i_0_7882,44.0
i_0_8940,i_0_938,96.0
i_0_8940,i_0_9193,13.49356377404074
i_0_8940,i_0_3688,72.0
i_0_8940,i_0_3309,64.0
i_0_8940,i_0_2294,25.169900191394238
i_0_8940,i_0_5461,38.5
i_0_8940,i_0_3677,52.096870185161876
i_0_8940,i_0_8384,0.0
i_0_8940,i_0_9870,336.0
i_0_8940,i_0_8173,83.11111111111111
i_0_8940,i_0_4959,inf
i_0_8940,i_0_4982,inf
i_0_8940,i_0_4294,90.0
i_0_8940,i_0_7885,45.76
i_0_4716,i_0_8419,0.0
i_0_4716,i_0_4542,64.0
i_0_4716,i_0_6513,inf
i_0_4716,i_0_3493,40.0
i_0_4716,i_0_6858,181.5423516456525
i_0_4716,i_0_9288,12.650216038163194
i_0_4716,i_0_8032,56.0
i_0_4716,i_0_5692,21.333333333333332
i_0_4716,i_0_6242,0.0
i_0_4716,i_0_6399,58.666666666666664
i_0_4716,i_0_9204,15.0
i_0_4716,i_0_7882,44.0
i_0_4716,i_0_938,120.0
i_0_4716,i_0_9193,9.370530398639403
i_0_4716,i_0_3688,60.0
i_0_4716,i_0_3309,64.0
i_0_4716,i_0_2294,25.169900191394238
i_0_4716,i_0_5461,22.4
i_0_4716,i_0_3677,55.32770206943284
i_0_4716,i_0_8384,0.0
i_0_4716,i_0_9870,336.0
i_0_4716,i_0_8173,49.5
i_0_4716,i_0_4959,inf
i_0_4716,i_0_4982,inf
i_0_4716,i_0_4294,90.0
i_0_4716,i_0_7885,45.76
i_0_8419,i_0_4542,0.0
i_0_8419,i_0_6513,0.0
i_0_8419,i_0_3493,inf
i_0_8419,i_0_6858,inf
i_0_8419,i_0_9288,0.0
i_0_8419,i_0_8032,inf
i_0_8419,i_0_5692,0.0
i_0_8419,i_0_6242,0.0
i_0_8419,i_0_6399,0.0
i_0_8419,i_0_9204,0.0
i_0_8419,i_0_7882,0.0
i_0_8419,i_0_938,inf
i_0_8419,i_0_9193,0.0
i_0_8419,i_0_3688,inf
i_0_8419,i_0_3309,inf
i_0_8419,i_0_2294,inf
i_0_8419,i_0_5461,0.0
i_0_8419,i_0_3677,inf
i_0_8419,i_0_8384,0.0
i_0_8419,i_0_9870,inf
i_0_8419,i_0_8173,0.0
i_0_8419,i_0_4959,inf
i_0_8419,i_0_4982,inf
i_0_8419,i_0_4294,0.0
i_0_8419,i_0_7885,0.0
i_0_4542,i_0_6513,0.0
i_0_4542,i_0_3493,48.0
i_0_4542,i_0_6858,61.43126769290221
i_0_4542,i_0_9288,28.0
i_0_4542,i_0_8032,60.48
i_0_4542,i_0_5692,52.89795918367347
i_0_4542,i_0_6242,69.12
i_0_4542,i_0_6399,16.163265306122447
i_0_4542,i_0_9204,20.0
i_0_4542,i_0_7882,20.261963103189643
i_0_4542,i_0_938,108.0
i_0_4542,i_0_9193,41.48148148148148
i_0_4542,i_0_3688,72.0
i_0_4542,i_0_3309,48.0
i_0_4542,i_0_2294,21.644554828335444
i_0_4542,i_0_5461,43.68
i_0_4542,i_0_3677,53.16329370897422
i_0_4542,i_0_8384,0.0
i_0_4542,i_0_9870,288.0
i_0_4542,i_0_8173,76.36363636363636
i_0_4542,i_0_4959,inf
i_0_4542,i_0_4982,inf
i_0_4542,i_0_4294,60.48
i_0_4542,i_0_7885,16.029937751809687
i_0_6513,i_0_3493,inf
i_0_6513,i_0_6858,inf
i_0_6513,i_0_9288,inf
i_0_6513,i_0_8032,inf
i_0_6513,i_0_5692,0.0
i_0_6513,i_0_6242,0.0
i_0_6513,i_0_6399,0.0
i_0_6513,i_0_9204,0.0
i_0_6513,i_0_7882,0.0
i_0_6513,i_0_938,inf
i_0_6513,i_0_9193,0.0
i_0_6513,i_0_3688,inf
i_0_6513,i_0_3309,inf
i_0_6513,i_0_2294,inf
i_0_6513,i_0_5461,inf
i_0_6513,i_0_3677,inf
i_0_6513,i_0_8384,0.0
i_0_6513,i_0_9870,inf
i_0_6513,i_0_8173,0.0
i_0_6513,i_0_4959,inf
i_0_6513,i_0_4982,inf
i_0_6513,i_0_4294,0.0
i_0_6513,i_0_7885,0.0
i_0_3493,i_0_6858,45.66656680957843
i_0_3493,i_0_9288,42.666666666666664
i_0_3493,i_0_8032,49.77777777777778
i_0_3493,i_0_5692,36.0
i_0_3493,i_0_6242,96.0
i_0_3493,i_0_6399,78.22222222222223
i_0_3493,i_0_9204,100.0
i_0_3493,i_0_7882,55.0
i_0_3493,i_0_938,48.0
i_0_3493,i_0_9193,50.0
i_0_3493,i_0_3688,5.333333333333333
i_0_3493,i_0_3309,14.0
i_0_3493,i_0_2294,10.947677969172014
i_0_3493,i_0_5461,56.0
i_0_3493,i_0_3677,10.195400266007518
i_0_3493,i_0_8384,180.0
i_0_3493,i_0_9870,24.96
i_0_3493,i_0_8173,21.12
i_0_3493,i_0_4959,inf
i_0_3493,i_0_4982,inf
i_0_3493,i_0_4294,126.0
i_0_3493,i_0_7885,54.08
i_0_6858,i_0_9288,84.0
i_0_6858,i_0_8032,95.43926942346708
i_0_6858,i_0_5692,192.99940085747053
i_0_6858,i_0_6242,324.0
i_0_6858,i_0_6399,66.0
i_0_6858,i_0_9204,135.0
i_0_6858,i_0_7882,34.19206273663252
i_0_6858,i_0_938,223.99880171494107
i_0_6858,i_0_9193,157.5
i_0_6858,i_0_3688,68.49985021436764
i_0_6858,i_0_3309,72.0
i_0_6858,i_0_2294,64.93366448500633
i_0_6858,i_0_5461,155.05114770014177
i_0_6858,i_0_3677,86.64281718693174
i_0_6858,i_0_8384,900.0
i_0_6858,i_0_9870,156.0
i_0_6858,i_0_8173,187.0746505967939
i_0_6858,i_0_4959,inf
i_0_6858,i_0_4982,inf
i_0_6858,i_0_4294,31.5
i_0_6858,i_0_7885,29.688098999525085
i_0_9288,i_0_8032,28.171675472186507
i_0_9288,i_0_5692,24.78409672782993
i_0_9288,i_0_6242,33.73390943510185
i_0_9288,i_0_6399,20.963714922968435
i_0_9288,i_0_9204,23.312770047703992
i_0_9288,i_0_7882,18.62157406651807
i_0_9288,i_0_938,10.950648114489585
i_0_9288,i_0_9193,15.573547444034373
i_0_9288,i_0_3688,64.0
i_0_9288,i_0_3309,34.666666666666664
i_0_9288,i_0_2294,14.966136243610963
i_0_9288,i_0_5461,12.893976520211591
i_0_9288,i_0_3677,69.33333333333333
i_0_9288,i_0_8384,0.0
i_0_9288,i_0_9870,184.0
i_0_9288,i_0_8173,98.18181818181819
i_0_9288,i_0_4959,inf
i_0_9288,i_0_4982,inf
i_0_9288,i_0_4294,57.650216038163194
i_0_9288,i_0_7885,18.047136567366685
i_0_8032,i_0_5692,56.0
i_0_8032,i_0_6242,63.0
i_0_8032,i_0_6399,48.927356218157534
i_0_8032,i_0_9204,69.6274732091426
i_0_8032,i_0_7882,32.6457295031168
i_0_8032,i_0_938,31.034341511428245
i_0_8032,i_0_9193,26.23361139317785
i_0_8032,i_0_3688,74.66666666666667
i_0_8032,i_0_3309,63.0
i_0_8032,i_0_2294,26.66011732294977
i_0_8032,i_0_5461,41.30043207632639
i_0_8032,i_0_3677,58.383842660469924
i_0_8032,i_0_8384,inf
i_0_8032,i_0_9870,315.0
i_0_8032,i_0_8173,201.14285714285714
i_0_8032,i_0_4959,inf
i_0_8032,i_0_4982,inf
i_0_8032,i_0_4294,70.56
i_0_8032,i_0_7885,33.851437155604344
i_0_5692,i_0_6242,0.0
i_0_5692,i_0_6399,64.65306122448979
i_0_5692,i_0_9204,22.5
i_0_5692,i_0_7882,52.148148148148145
i_0_5692,i_0_938,72.0
i_0_5692,i_0_9193,16.727558397571165
i_0_5692,i_0_3688,28.866954717550925
i_0_5692,i_0_3309,96.0
i_0_5692,i_0_2294,37.75485028709136
i_0_5692,i_0_5461,42.0
i_0_5692,i_0_3677,44.159475897775366
i_0_5692,i_0_8384,0.0
i_0_5692,i_0_9870,504.0
i_0_5692,i_0_8173,61.875
i_0_5692,i_0_4959,inf
i_0_5692,i_0_4982,inf
i_0_5692,i_0_4294,86.4
i_0_5692,i_0_7885,56.72727272727273
i_0_6242,i_0_6399,14.598192418801556
i_0_6242,i_0_9204,40.0
i_0_6242,i_0_7882,52.148148148148145
i_0_6242,i_0_938,inf
i_0_6242,i_0_9193,24.988081063038408
i_0_6242,i_0_3688,144.0
i_0_6242,i_0_3309,96.0
i_0_6242,i_0_2294,37.75485028709136
i_0_6242,i_0_5461,63.0
i_0_6242,i_0_3677,156.0
i_0_6242,i_0_8384,0.0
i_0_6242,i_0_9870,504.0
i_0_6242,i_0_8173,137.28
i_0_6242,i_0_4959,inf
i_0_6242,i_0_4982,inf
i_0_6242,i_0_4294,86.4
i_0_6242,i_0_7885,56.72727272727273
i_0_6399,i_0_9204,27.13358282802975
i_0_6399,i_0_7882,20.739085231511883
i_0_6399,i_0_938,17.875467802555786
i_0_6399,i_0_9193,29.241335145832156
i_0_6399,i_0_3688,117.33333333333333
i_0_6399,i_0_3309,58.666666666666664
i_0_6399,i_0_2294,25.327106770458602
i_0_6399,i_0_5461,20.533507979620826
i_0_6399,i_0_3677,127.11111111111111
i_0_6399,i_0_8384,0.0
i_0_6399,i_0_9870,337.3333333333333
i_0_6399,i_0_8173,128.87573964497042
i_0_6399,i_0_4959,inf
i_0_6399,i_0_4982,inf
i_0_6399,i_0_4294,76.77551020408163
i_0_6399,i_0_7885,18.184936311524456
i_0_9204,i_0_7882,27.296736374036136
i_0_9204,i_0_938,54.75324057244793
i_0_9204,i_0_9193,23.20234066558152
i_0_9204,i_0_3688,106.66666666666667
i_0_9204,i_0_3309,64.0
i_0_9204,i_0_2294,33.76831664323427
i_0_9204,i_0_5461,21.10984758348199
i_0_9204,i_0_3677,115.55555555555556
i_0_9204,i_0_8384,0.0
i_0_9204,i_0_9870,260.10964370809035
i_0_9204,i_0_8173,28.988546714247246
i_0_9204,i_0_4959,inf
i_0_9204,i_0_4982,inf
i_0_9204,i_0_4294,60.0
i_0_9204,i_0_7885,26.066613111849136
i_0_7882,i_0_938,20.076188209897573
i_0_7882,i_0_9193,24.372109797816442
i_0_7882,i_0_3688,82.5
i_0_7882,i_0_3309,44.0
i_0_7882,i_0_2294,18.57257415377885
i_0_7882,i_0_5461,20.408949882837177
i_0_7882,i_0_3677,89.375
i_0_7882,i_0_8384,0.0
i_0_7882,i_0_9870,247.5
i_0_7882,i_0_8173,109.65625
i_0_7882,i_0_4959,inf
i_0_7882,i_0_4982,inf
i_0_7882,i_0_4294,42.54545454545455
i_0_7882,i_0_7885,14.415702597109998
i_0_938,i_0_9193,24.893487125654815
i_0_938,i_0_3688,72.0
i_0_938,i_0_3309,inf
i_0_938,i_0_2294,inf
i_0_938,i_0_5461,18.256483925485558
i_0_938,i_0_3677,34.91953413135588
i_0_938,i_0_8384,inf
i_0_938,i_0_9870,inf
i_0_938,i_0_8173,264.0
i_0_938,i_0_4959,inf
i_0_938,i_0_4982,inf
i_0_938,i_0_4294,inf
i_0_938,i_0_7885,11.863202124030384
i_0_9193,i_0_3688,75.0
i_0_9193,i_0_3309,45.0
i_0_9193,i_0_2294,19.04294094496412
i_0_9193,i_0_5461,17.75357279492549
i_0_9193,i_0_3677,81.25
i_0_9193,i_0_8384,0.0
i_0_9193,i_0_9870,225.0
i_0_9193,i_0_8173,63.8
i_0_9193,i_0_4959,inf
i_0_9193,i_0_4982,inf
i_0_9193,i_0_4294,58.25941928752829
i_0_9193,i_0_7885,25.147264397065953
i_0_3688,i_0_3309,15.36
i_0_3688,i_0_2294,16.421516953758022
i_0_3688,i_0_5461,84.0
i_0_3688,i_0_3677,11.23574723192665
i_0_3688,i_0_8384,270.0
i_0_3688,i_0_9870,36.0
i_0_3688,i_0_8173,29.680473372781066
i_0_3688,i_0_4959,inf
i_0_3688,i_0_4982,inf
i_0_3688,i_0_4294,189.0
i_0_3688,i_0_7885,81.12
i_0_3309,i_0_2294,17.883755416245478
i_0_3309,i_0_5461,56.0
i_0_3309,i_0_3677,22.75
i_0_3309,i_0_8384,320.0
i_0_3309,i_0_9870,48.0
i_0_3309,i_0_8173,51.333333333333336
i_0_3309,i_0_4959,inf
i_0_3309,i_0_4982,inf
i_0_3309,i_0_4294,90.0
i_0_3309,i_0_7885,41.6
i_0_2294,i_0_5461,23.637821650263987
i_0_2294,i_0_3677,17.789976699904525
i_0_2294,i_0_8384,inf
i_0_2294,i_0_9870,96.15985156102734
i_0_2294,i_0_8173,65.47968830208342
i_0_2294,i_0_4959,inf
i_0_2294,i_0_4982,inf
i_0_2294,i_0_4294,42.27729370093542
i_0_2294,i_0_7885,17.799342560496935
i_0_5461,i_0_3677,83.79262719113602
i_0_5461,i_0_8384,0.0
i_0_5461,i_0_9870,315.0
i_0_5461,i_0_8173,89.0909090909091
i_0_5461,i_0_4959,inf
i_0_5461,i_0_4982,inf
i_0_5461,i_0_4294,94.5
i_0_5461,i_0_7885,18.246629178294395
i_0_3677,i_0_8384,520.0
i_0_3677,i_0_9870,63.375
i_0_3677,i_0_8173,43.810342032427
i_0_3677,i_0_4959,inf
i_0_3677,i_0_4982,inf
i_0_3677,i_0_4294,204.75
i_0_3677,i_0_7885,87.88
i_0_8384,i_0_9870,330.0
i_0_8384,i_0_8173,9.98109640831758
i_0_8384,i_0_4959,inf
i_0_8384,i_0_4982,inf
i_0_8384,i_0_4294,0.0
i_0_8384,i_0_7885,0.0
i_0_9870,i_0_8173,53.36124470579291
i_0_9870,i_0_4959,inf
i_0_9870,i_0_4982,inf
i_0_9870,i_0_4294,459.0
i_0_9870,i_0_7885,237.12
i_0_8173,i_0_4959,inf
i_0_8173,i_0_4982,inf
i_0_8173,i_0_4294,138.6
i_0_8173,i_0_7885,117.25207756232687
i_0_4959,i_0_4982,inf
i_0_4959,i_0_4294,inf
i_0_4959,i_0_7885,inf
i_0_4982,i_0_4294,inf
i_0_4982,i_0_7885,inf
i_0_4294,i_0_7885,45.69230769230769
